               epoch,      train/box_loss,      train/obj_loss,      train/cls_loss,   metrics/precision,      metrics/recall,     metrics/mAP_0.5,metrics/mAP_0.5:0.95,        val/box_loss,        val/obj_loss,        val/cls_loss,               x/lr0,               x/lr1,               x/lr2
                   0,             0.12945,             0.02232,             0.09699,          0.00012748,          0.00085034,          2.9423e-05,          6.1812e-06,             0.12325,            0.018539,            0.097417,             0.00018,             0.00018,             0.09838
                   1,             0.11577,            0.017479,            0.093654,                   0,                   0,                   0,                   0,             0.10592,            0.017837,            0.093191,          0.00036999,          0.00036999,             0.09667
                   2,             0.10046,            0.017421,            0.090564,                   0,                   0,                   0,                   0,            0.089028,            0.020085,            0.091177,          0.00055995,          0.00055995,             0.09496
                   3,            0.081365,            0.018809,            0.088619,           0.0026784,           0.0074292,          0.00019632,          9.5696e-05,            0.069036,            0.022779,            0.090023,          0.00074985,          0.00074985,             0.09325
                   4,            0.069778,            0.021036,            0.087478,           0.0014106,            0.037163,          0.00092615,          0.00017076,            0.062655,            0.022974,            0.089446,          0.00093967,          0.00093967,             0.09154
                   5,            0.061026,            0.020329,            0.087194,            0.011193,             0.20433,            0.013438,           0.0054987,            0.063875,             0.02152,            0.088719,           0.0011294,           0.0011294,            0.089829
                   6,            0.056998,            0.019144,            0.085727,             0.22931,             0.15536,            0.024125,            0.011568,            0.048549,            0.018161,            0.088202,            0.001319,            0.001319,            0.088119
                   7,            0.055573,             0.01658,            0.085141,             0.15978,              0.2064,            0.029628,            0.013726,             0.04893,            0.015608,            0.087386,           0.0015084,           0.0015084,            0.086408
                   8,            0.054108,             0.01507,            0.084516,             0.09144,              0.2819,            0.034993,            0.019224,            0.037423,            0.015799,             0.08648,           0.0016976,           0.0016976,            0.084698
                   9,            0.050916,            0.013986,            0.084168,             0.10784,             0.24496,            0.051694,            0.032327,            0.038642,            0.014801,            0.085894,           0.0018866,           0.0018866,            0.082987
                  10,            0.050669,            0.013721,            0.083228,             0.13922,             0.28113,            0.052635,            0.033271,            0.041896,            0.013774,            0.085494,           0.0020754,           0.0020754,            0.081275
                  11,            0.048972,            0.013037,            0.081888,             0.10043,             0.33432,            0.047009,             0.02425,            0.051444,            0.012935,            0.085096,            0.002264,            0.002264,            0.079564
                  12,            0.048679,            0.012769,            0.082012,             0.07258,             0.38587,            0.047272,            0.025439,            0.039733,            0.012771,            0.084673,           0.0024522,           0.0024522,            0.077852
                  13,            0.048141,            0.012396,            0.081666,            0.087181,             0.37177,            0.060574,            0.037254,            0.039283,            0.012308,            0.084385,           0.0026402,           0.0026402,             0.07614
                  14,            0.048042,            0.011295,            0.080406,             0.21588,             0.27679,            0.054852,            0.033089,            0.039638,            0.011702,            0.083846,           0.0028278,           0.0028278,            0.074428
                  15,            0.044718,            0.011424,            0.080971,            0.056333,             0.41548,            0.074388,            0.050169,            0.032553,            0.011277,            0.083545,           0.0030151,           0.0030151,            0.072715
                  16,            0.046865,            0.011207,            0.079615,              0.3219,             0.27577,            0.068824,            0.042196,            0.033486,            0.010998,            0.082794,            0.003202,            0.003202,            0.071002
                  17,            0.046441,            0.010373,             0.07907,             0.32557,             0.27893,            0.072642,            0.045206,            0.037796,              0.0105,            0.082372,           0.0033884,           0.0033884,            0.069288
                  18,            0.045432,            0.010172,            0.077145,             0.31526,             0.27299,            0.068927,            0.041455,             0.03634,           0.0099506,            0.081479,           0.0035745,           0.0035745,            0.067574
                  19,            0.044933,            0.010049,            0.076733,             0.38513,             0.26223,            0.071228,             0.03836,            0.035459,           0.0096936,            0.080674,           0.0037601,           0.0037601,             0.06586
                  20,            0.044027,             0.00933,            0.076438,             0.44369,             0.21707,            0.076736,            0.044328,            0.033909,           0.0093513,            0.080129,           0.0039452,           0.0039452,            0.064145
                  21,            0.042256,           0.0093972,            0.074817,             0.53982,             0.23887,            0.083796,            0.052116,            0.033502,           0.0087239,            0.079219,           0.0041298,           0.0041298,             0.06243
                  22,            0.045229,           0.0085944,            0.074912,             0.53344,             0.20166,             0.08202,            0.049404,             0.03322,            0.008506,            0.079252,           0.0043139,           0.0043139,            0.060714
                  23,            0.041977,           0.0086983,            0.072074,             0.47598,             0.24665,            0.084475,            0.054689,            0.031504,           0.0082455,            0.078271,           0.0044975,           0.0044975,            0.058997
                  24,            0.043218,           0.0080909,            0.073694,             0.19991,             0.36183,            0.082306,              0.0478,            0.032712,           0.0081519,            0.077926,           0.0046804,           0.0046804,             0.05728
                  25,            0.041658,           0.0084331,            0.071795,             0.45528,             0.24628,            0.090331,            0.055422,            0.031741,            0.008073,            0.077506,           0.0048628,           0.0048628,            0.055563
                  26,            0.052601,            0.008651,            0.072148,             0.51326,             0.25487,            0.091691,            0.053957,            0.041158,           0.0084148,            0.077123,           0.0050446,           0.0050446,            0.053845
                  27,            0.052671,           0.0091889,            0.071945,             0.49051,             0.29651,            0.095526,            0.053475,            0.039413,           0.0083721,             0.07629,           0.0052257,           0.0052257,            0.052126
                  28,             0.05088,            0.008512,            0.071697,             0.42224,             0.28517,            0.070689,            0.022833,            0.048201,           0.0082398,            0.075764,           0.0054061,           0.0054061,            0.050406
                  29,            0.049905,           0.0083655,            0.072166,             0.48297,              0.3041,             0.10149,            0.058495,            0.039876,           0.0078833,            0.075327,           0.0055859,           0.0055859,            0.048686
                  30,            0.048846,            0.008187,            0.070054,             0.30773,             0.34108,            0.099014,            0.051866,            0.043752,           0.0078151,            0.074705,           0.0057649,           0.0057649,            0.046965
                  31,            0.047002,           0.0079887,            0.068803,             0.41708,             0.34204,             0.10991,            0.061348,            0.041289,           0.0074673,            0.074241,           0.0059432,           0.0059432,            0.045243
                  32,             0.05016,           0.0079972,            0.068096,             0.70958,             0.14158,              0.1157,            0.067498,            0.038369,           0.0079557,            0.073011,           0.0061207,           0.0061207,            0.043521
                  33,            0.047927,           0.0076191,            0.065433,             0.43791,              0.3084,             0.10783,            0.066774,            0.038421,           0.0074982,            0.072931,           0.0062975,           0.0062975,            0.041797
                  34,            0.044937,           0.0076483,            0.067834,             0.50594,             0.33712,             0.11028,            0.059912,            0.038894,           0.0072939,            0.072707,           0.0064734,           0.0064734,            0.040073
                  35,            0.045501,           0.0076413,            0.063029,             0.70224,             0.18011,             0.12254,            0.078086,            0.035865,           0.0069941,              0.0715,           0.0066485,           0.0066485,            0.038349
                  36,            0.043705,           0.0075116,            0.063109,             0.57923,             0.28714,             0.11781,            0.074407,             0.03615,           0.0068344,            0.070668,           0.0068228,           0.0068228,            0.036623
                  37,            0.046794,           0.0075498,            0.062168,             0.52695,             0.29723,             0.10803,            0.058368,            0.035791,           0.0070747,            0.070248,           0.0069962,           0.0069962,            0.034896
                  38,            0.044732,           0.0075528,            0.063513,             0.47626,              0.3143,             0.12465,             0.07623,             0.03561,           0.0070809,            0.069576,           0.0071687,           0.0071687,            0.033169
                  39,            0.044839,             0.00682,            0.061949,             0.55568,              0.2929,             0.12605,            0.079908,             0.03327,           0.0070029,            0.068496,           0.0073403,           0.0073403,             0.03144
                  40,            0.044752,           0.0081095,            0.062419,             0.74386,             0.21449,             0.13386,            0.084616,            0.031744,           0.0070133,            0.068169,            0.007511,            0.007511,            0.029711
                  41,             0.04309,             0.00705,            0.060804,             0.63106,             0.31298,             0.13502,            0.091091,            0.036029,           0.0065174,            0.067589,           0.0076806,           0.0076806,            0.027981
                  42,            0.042043,           0.0068079,            0.058778,             0.59758,             0.35351,              0.1284,            0.076034,            0.038997,           0.0066506,            0.067267,           0.0078494,           0.0078494,            0.026249
                  43,            0.042021,           0.0067604,            0.057578,             0.51584,             0.38958,             0.13414,            0.081289,            0.034587,           0.0063903,            0.066792,           0.0080171,           0.0080171,            0.024517
                  44,            0.042116,           0.0065254,            0.059268,             0.62812,             0.33231,             0.12548,            0.081285,            0.032031,           0.0064207,            0.067471,           0.0081838,           0.0081838,            0.022784
                  45,            0.042855,           0.0067914,            0.060267,             0.60294,             0.35962,             0.14327,            0.095513,             0.03181,           0.0063941,            0.067344,           0.0083494,           0.0083494,            0.021049
                  46,             0.04301,           0.0068105,            0.059679,             0.69487,              0.2887,             0.14508,            0.087994,             0.03433,           0.0063903,            0.067301,            0.008514,            0.008514,            0.019314
                  47,            0.040525,           0.0068015,            0.060712,             0.57938,             0.37569,             0.14165,            0.089889,            0.031394,           0.0064797,            0.066279,           0.0086775,           0.0086775,            0.017577
                  48,            0.042989,           0.0065496,            0.057715,             0.65287,             0.34918,             0.13935,            0.098667,            0.032802,           0.0068235,             0.06681,           0.0088399,           0.0088399,             0.01584
                  49,            0.038536,           0.0063689,            0.059514,             0.63034,             0.32713,             0.14712,            0.095836,             0.03308,           0.0065211,            0.066225,           0.0090011,           0.0090011,            0.014101
                  50,            0.039184,           0.0065153,             0.05786,             0.64329,              0.3267,             0.14086,            0.093157,            0.031816,           0.0062888,            0.065638,           0.0091613,           0.0091613,            0.012361
                  51,            0.037392,            0.006794,            0.056534,             0.67216,              0.3143,             0.14156,             0.09767,            0.033409,           0.0059938,            0.065494,           0.0093202,           0.0093202,             0.01062
                  52,             0.04012,           0.0064193,            0.058526,             0.56768,             0.37645,             0.14438,            0.080073,            0.033144,           0.0061639,            0.065727,           0.0094215,           0.0094215,           0.0094215
                  53,            0.037741,           0.0062928,            0.054745,             0.65827,             0.31692,             0.14464,             0.10217,            0.033369,           0.0060182,            0.065662,           0.0094215,           0.0094215,           0.0094215
                  54,            0.041608,           0.0065907,            0.057355,             0.63179,             0.34596,             0.15213,             0.10703,            0.031716,           0.0061042,            0.065679,           0.0093996,           0.0093996,           0.0093996
                  55,            0.035321,           0.0065971,            0.055543,             0.60896,             0.39192,             0.17067,             0.12238,            0.030724,           0.0061241,            0.065322,           0.0093773,           0.0093773,           0.0093773
                  56,            0.037962,           0.0060829,            0.057346,             0.58919,              0.3654,             0.14936,             0.10213,            0.030741,           0.0058959,            0.065671,           0.0093547,           0.0093547,           0.0093547
                  57,            0.037096,           0.0061172,            0.056629,             0.59381,             0.38337,             0.15049,             0.10976,            0.029229,           0.0060209,            0.064396,           0.0093317,           0.0093317,           0.0093317
                  58,            0.035873,           0.0061847,            0.058147,             0.60926,                0.39,             0.15908,             0.11212,            0.028688,           0.0059744,            0.064119,           0.0093083,           0.0093083,           0.0093083
                  59,            0.035211,           0.0059007,               0.056,             0.60455,             0.37223,             0.16559,             0.11542,            0.027581,           0.0057179,            0.064264,           0.0092846,           0.0092846,           0.0092846
                  60,            0.033427,           0.0058249,            0.057242,             0.64468,             0.34876,             0.17161,             0.12552,            0.027687,           0.0057664,             0.06394,           0.0092605,           0.0092605,           0.0092605
                  61,            0.035095,           0.0060838,            0.055151,             0.58222,             0.36689,             0.14522,             0.10164,            0.029107,           0.0061808,            0.065329,           0.0092361,           0.0092361,           0.0092361
                  62,            0.033207,           0.0064327,            0.054383,             0.61346,             0.36758,             0.16312,             0.11294,             0.02892,           0.0058112,             0.06367,           0.0092113,           0.0092113,           0.0092113
                  63,            0.033166,           0.0058071,            0.055882,             0.61064,             0.38208,             0.16245,             0.11681,            0.027095,           0.0056842,            0.064184,           0.0091861,           0.0091861,           0.0091861
                  64,            0.034041,           0.0059953,            0.054083,             0.44521,             0.44678,             0.16439,             0.11621,            0.027972,            0.005801,            0.063986,           0.0091606,           0.0091606,           0.0091606
                  65,            0.031966,           0.0059837,            0.051515,             0.69732,             0.27661,             0.19015,             0.13872,            0.028771,           0.0055643,            0.063178,           0.0091348,           0.0091348,           0.0091348
                  66,            0.033467,           0.0057474,             0.05381,               0.503,             0.42748,             0.18913,             0.13596,            0.027685,           0.0056597,            0.062891,           0.0091086,           0.0091086,           0.0091086
                  67,            0.034115,           0.0059707,            0.055003,             0.72156,             0.25546,             0.20291,             0.14493,            0.027459,           0.0060561,            0.063322,           0.0090821,           0.0090821,           0.0090821
                  68,            0.032172,           0.0062301,            0.054498,              0.5179,             0.42647,             0.19665,             0.13033,             0.02922,            0.005742,             0.06218,           0.0090552,           0.0090552,           0.0090552
                  69,            0.033255,           0.0060404,             0.05517,             0.52982,             0.40474,              0.1931,             0.14102,            0.029359,           0.0056864,            0.062489,            0.009028,            0.009028,            0.009028
                  70,            0.031507,           0.0060809,            0.052743,             0.44286,             0.46345,             0.19964,             0.14831,            0.025481,           0.0057103,             0.06225,           0.0090004,           0.0090004,           0.0090004
                  71,            0.031667,           0.0057863,            0.053041,              0.3747,             0.56069,             0.20692,             0.15559,            0.028624,           0.0053683,            0.061379,           0.0089726,           0.0089726,           0.0089726
                  72,            0.032266,           0.0056094,            0.051179,             0.63956,             0.36586,             0.22148,             0.16592,            0.024861,           0.0053397,            0.061009,           0.0089444,           0.0089444,           0.0089444
                  73,            0.030796,           0.0054292,            0.050414,             0.38603,             0.54044,              0.2232,             0.16656,            0.025821,           0.0054722,            0.061051,           0.0089159,           0.0089159,           0.0089159
                  74,            0.031891,           0.0056805,            0.049525,             0.33266,             0.55214,             0.21734,             0.15902,            0.027289,           0.0054817,            0.060796,            0.008887,            0.008887,            0.008887
                  75,            0.030803,           0.0057804,            0.051887,              0.3548,             0.52367,             0.23614,             0.17488,            0.027874,           0.0052612,            0.061088,           0.0088579,           0.0088579,           0.0088579
                  76,            0.030697,            0.005566,            0.049792,             0.34579,             0.57224,             0.25062,             0.19312,            0.024509,           0.0049594,            0.060384,           0.0088284,           0.0088284,           0.0088284
                  77,            0.028818,           0.0053241,            0.050591,             0.38727,             0.53706,             0.24445,             0.17629,            0.028305,           0.0053491,            0.060445,           0.0087987,           0.0087987,           0.0087987
                  78,            0.031738,           0.0055805,            0.053375,             0.47113,             0.46419,             0.24118,             0.18246,             0.02596,            0.005429,            0.059686,           0.0087686,           0.0087686,           0.0087686
                  79,            0.028898,           0.0056959,            0.050794,             0.44663,             0.49808,             0.25867,             0.19541,            0.024073,           0.0052537,            0.059454,           0.0087382,           0.0087382,           0.0087382
                  80,            0.028315,           0.0051348,            0.047734,             0.45196,             0.50041,             0.26642,             0.19872,             0.02328,           0.0050798,            0.058931,           0.0087075,           0.0087075,           0.0087075
                  81,            0.031547,           0.0054853,            0.050764,             0.49274,             0.49313,             0.27512,             0.20857,             0.02469,           0.0052087,             0.05828,           0.0086765,           0.0086765,           0.0086765
                  82,            0.028955,           0.0052703,            0.048048,             0.47984,             0.47647,             0.26617,             0.20694,             0.02339,           0.0050791,            0.058201,           0.0086452,           0.0086452,           0.0086452
                  83,            0.029292,           0.0051858,            0.047189,             0.47574,              0.5084,             0.27292,             0.21167,            0.023343,           0.0049456,             0.05774,           0.0086137,           0.0086137,           0.0086137
                  84,            0.030649,           0.0053293,            0.047788,             0.44383,             0.47143,             0.27448,             0.19444,            0.024966,           0.0050808,             0.05732,           0.0085818,           0.0085818,           0.0085818
                  85,            0.029558,            0.005152,             0.04733,             0.38377,             0.54929,             0.27042,             0.20332,            0.024168,           0.0049805,            0.057399,           0.0085497,           0.0085497,           0.0085497
                  86,            0.028441,           0.0052975,            0.046284,             0.44886,             0.47174,             0.26451,             0.19627,            0.022784,           0.0050757,            0.057067,           0.0085173,           0.0085173,           0.0085173
                  87,            0.028285,           0.0053181,             0.04776,             0.51796,             0.44426,             0.27525,             0.20827,            0.023683,           0.0050181,            0.056748,           0.0084846,           0.0084846,           0.0084846
                  88,            0.033018,           0.0049435,            0.046286,             0.44811,              0.4543,             0.27395,              0.2092,            0.026541,           0.0052953,            0.057095,           0.0084516,           0.0084516,           0.0084516
                  89,            0.028567,           0.0052724,             0.04676,             0.49261,             0.44892,             0.25719,              0.1988,            0.023074,           0.0056571,            0.058582,           0.0084184,           0.0084184,           0.0084184
                  90,            0.029862,            0.005091,            0.045228,             0.49004,             0.46392,             0.27732,             0.20212,            0.024674,            0.005064,            0.056559,           0.0083849,           0.0083849,           0.0083849
                  91,            0.029585,           0.0051293,            0.046372,             0.45927,             0.50184,             0.27879,             0.21229,            0.023959,           0.0048628,             0.05606,           0.0083511,           0.0083511,           0.0083511
                  92,            0.029508,           0.0050356,            0.043214,             0.46941,             0.48789,             0.27838,             0.20812,            0.024591,           0.0051411,            0.055674,           0.0083171,           0.0083171,           0.0083171
                  93,            0.029316,           0.0051308,            0.044392,             0.51228,             0.44634,             0.29887,             0.23073,            0.025933,           0.0047691,            0.055339,           0.0082829,           0.0082829,           0.0082829
                  94,            0.031279,           0.0048247,             0.04224,             0.63134,             0.39042,             0.30691,             0.24096,            0.025948,           0.0048365,            0.054973,           0.0082483,           0.0082483,           0.0082483
                  95,            0.030762,           0.0050983,            0.044042,             0.42658,             0.49793,             0.30199,             0.22101,            0.024579,           0.0049279,            0.054513,           0.0082136,           0.0082136,           0.0082136
                  96,            0.029654,           0.0050846,            0.043518,              0.5363,             0.41969,             0.28905,             0.21591,            0.025728,           0.0050068,            0.054903,           0.0081786,           0.0081786,           0.0081786
                  97,            0.028563,            0.004822,            0.042841,             0.60945,               0.384,             0.29958,             0.22073,            0.024868,           0.0049702,            0.053923,           0.0081433,           0.0081433,           0.0081433
                  98,            0.029991,           0.0047634,            0.041008,             0.52281,             0.42857,             0.29859,             0.23044,            0.025974,           0.0051405,            0.053449,           0.0081078,           0.0081078,           0.0081078
                  99,            0.027978,           0.0048124,             0.04187,             0.59938,             0.41875,             0.31549,             0.24127,            0.024001,           0.0048411,            0.053835,           0.0080721,           0.0080721,           0.0080721
                 100,            0.029557,           0.0050071,            0.043517,             0.69075,             0.35888,             0.32885,             0.25506,             0.02425,           0.0049639,            0.053854,           0.0080362,           0.0080362,           0.0080362
                 101,            0.026452,           0.0050833,            0.040472,             0.49261,             0.45736,              0.3175,             0.24245,            0.024098,           0.0048195,            0.053042,               0.008,               0.008,               0.008
                 102,            0.028949,           0.0046497,            0.040865,             0.45851,             0.48538,             0.31156,             0.23667,             0.02445,           0.0048024,            0.052954,           0.0079636,           0.0079636,           0.0079636
                 103,            0.028934,           0.0049383,            0.040397,             0.68714,             0.39811,              0.3094,             0.24108,            0.023262,           0.0047872,            0.052239,            0.007927,            0.007927,            0.007927
                 104,            0.027842,           0.0049254,            0.040379,             0.44481,             0.46589,             0.31396,             0.23839,            0.024808,           0.0049929,            0.051566,           0.0078902,           0.0078902,           0.0078902
                 105,            0.028035,           0.0047544,            0.038545,             0.62932,             0.40807,             0.32066,             0.25244,            0.024027,           0.0049535,            0.052629,           0.0078532,           0.0078532,           0.0078532
                 106,            0.028575,           0.0045386,            0.038413,             0.63477,             0.39818,             0.31608,             0.23917,             0.02445,            0.004939,            0.053189,            0.007816,            0.007816,            0.007816
                 107,            0.027154,           0.0046508,            0.039565,             0.41313,             0.56211,             0.32714,             0.25039,            0.023347,           0.0047046,            0.051338,           0.0077785,           0.0077785,           0.0077785
                 108,            0.028665,           0.0045612,            0.041707,             0.63495,             0.39353,             0.33218,              0.2508,            0.023869,           0.0046006,            0.050846,           0.0077409,           0.0077409,           0.0077409
                 109,            0.026434,           0.0045328,            0.039061,             0.68501,             0.37521,             0.32614,             0.25608,            0.021819,           0.0045653,            0.051314,           0.0077031,           0.0077031,           0.0077031
                 110,            0.027189,           0.0045813,            0.036561,             0.68201,              0.3746,             0.33584,             0.25471,            0.022252,           0.0045458,            0.051068,           0.0076651,           0.0076651,           0.0076651
                 111,            0.029898,           0.0045905,            0.039001,              0.7318,             0.33362,             0.32486,             0.25326,            0.023595,           0.0047344,            0.051255,           0.0076269,           0.0076269,           0.0076269
                 112,            0.027937,           0.0043122,            0.038012,             0.73698,             0.34077,             0.31481,              0.2435,            0.025062,           0.0050761,            0.051416,           0.0075886,           0.0075886,           0.0075886
                 113,            0.026617,           0.0046833,            0.037737,             0.44716,             0.50345,             0.34923,               0.278,             0.02209,           0.0045011,            0.050513,           0.0075501,           0.0075501,           0.0075501
                 114,            0.027918,           0.0046128,            0.036061,             0.61748,             0.40593,             0.33964,             0.26794,            0.022805,           0.0043662,            0.050148,           0.0075114,           0.0075114,           0.0075114
                 115,            0.027531,           0.0046854,            0.038389,             0.43013,             0.54715,             0.35308,             0.27833,            0.023272,           0.0043634,            0.050422,           0.0074725,           0.0074725,           0.0074725
                 116,            0.029243,           0.0045022,            0.035138,             0.51701,             0.45127,             0.36853,             0.28963,            0.023747,           0.0044932,            0.050833,           0.0074335,           0.0074335,           0.0074335
                 117,            0.027711,           0.0046823,             0.03602,              0.4299,             0.50311,             0.35872,             0.27894,            0.024035,           0.0047452,            0.050673,           0.0073943,           0.0073943,           0.0073943
                 118,            0.026943,            0.004839,            0.036752,             0.59252,             0.41044,             0.35384,              0.2785,            0.021997,           0.0045919,            0.050855,            0.007355,            0.007355,            0.007355
                 119,            0.025657,           0.0046967,            0.037911,             0.56181,             0.43805,             0.36165,              0.2821,            0.022175,           0.0046787,            0.051786,           0.0073155,           0.0073155,           0.0073155
                 120,            0.027778,           0.0047188,            0.035715,              0.4493,             0.47458,             0.35027,             0.27352,             0.02309,           0.0045179,            0.050752,           0.0072758,           0.0072758,           0.0072758
                 121,            0.027473,           0.0045332,            0.034557,             0.58799,             0.44348,             0.34215,             0.27002,            0.022563,           0.0042836,            0.049625,           0.0072361,           0.0072361,           0.0072361
                 122,            0.028935,           0.0047415,            0.034686,             0.47567,              0.5083,             0.35674,             0.26848,             0.02397,           0.0046708,             0.05029,           0.0071962,           0.0071962,           0.0071962
                 123,            0.027146,           0.0045622,            0.034812,             0.47163,             0.50228,             0.35573,             0.27985,             0.02278,           0.0047174,            0.050133,           0.0071561,           0.0071561,           0.0071561
                 124,            0.027271,           0.0046114,            0.034829,             0.50324,             0.46226,             0.34792,             0.26916,             0.02426,           0.0045112,             0.05077,            0.007116,            0.007116,            0.007116
                 125,            0.025291,           0.0044343,            0.033571,             0.52772,             0.44919,             0.36813,             0.29037,            0.020654,           0.0045028,            0.049258,           0.0070757,           0.0070757,           0.0070757
                 126,            0.027915,           0.0045679,            0.033173,             0.68018,              0.3763,             0.36528,             0.28805,            0.021744,           0.0043951,            0.049351,           0.0070353,           0.0070353,           0.0070353
                 127,            0.025675,           0.0043751,            0.031413,             0.65796,             0.41431,             0.38403,             0.30935,            0.021242,           0.0042082,             0.04896,           0.0069948,           0.0069948,           0.0069948
                 128,            0.026658,           0.0043628,            0.033905,             0.70249,             0.37725,             0.37745,             0.29776,            0.021274,           0.0042078,            0.049037,           0.0069541,           0.0069541,           0.0069541
                 129,            0.024734,            0.004379,            0.031693,             0.50904,             0.49011,             0.35759,             0.28257,             0.02191,            0.004219,            0.049298,           0.0069134,           0.0069134,           0.0069134
                 130,            0.028148,           0.0045114,            0.031081,             0.68227,             0.37635,             0.36012,             0.27806,            0.022602,           0.0044467,            0.049287,           0.0068726,           0.0068726,           0.0068726
                 131,            0.027402,             0.00451,            0.032736,             0.67849,             0.40021,             0.38457,             0.30411,             0.02135,           0.0044033,            0.048593,           0.0068316,           0.0068316,           0.0068316
                 132,             0.02762,           0.0044347,            0.030509,             0.60313,             0.43939,              0.3713,             0.29021,            0.026255,           0.0043476,            0.049468,           0.0067906,           0.0067906,           0.0067906
                 133,            0.027017,            0.004177,            0.031912,             0.69591,             0.41734,             0.36955,             0.29044,            0.023484,           0.0042918,            0.048543,           0.0067495,           0.0067495,           0.0067495
                 134,            0.028999,           0.0045828,            0.030956,             0.66415,             0.38664,             0.36124,             0.27523,            0.022976,            0.004455,            0.048477,           0.0067083,           0.0067083,           0.0067083
                 135,             0.02575,           0.0044045,            0.029435,             0.68373,             0.40132,             0.38011,             0.30497,            0.021435,           0.0044347,            0.047394,           0.0066671,           0.0066671,           0.0066671
                 136,            0.025474,           0.0044795,            0.030599,             0.69161,             0.41264,             0.36975,             0.29031,            0.021189,           0.0044197,            0.048536,           0.0066257,           0.0066257,           0.0066257
                 137,            0.025723,           0.0042222,            0.030654,             0.69226,             0.40107,             0.37518,             0.29445,            0.022833,           0.0045199,            0.048536,           0.0065843,           0.0065843,           0.0065843
                 138,            0.027816,           0.0043491,            0.031116,             0.70566,             0.38691,             0.38913,             0.29768,             0.02393,            0.004498,            0.048577,           0.0065429,           0.0065429,           0.0065429
                 139,            0.027733,           0.0042698,            0.030279,             0.69937,             0.37532,             0.38112,             0.30038,            0.023875,           0.0043807,             0.04817,           0.0065013,           0.0065013,           0.0065013
                 140,            0.028307,           0.0043773,            0.028559,             0.65692,             0.39923,             0.35611,              0.2844,            0.022736,           0.0043835,            0.049847,           0.0064597,           0.0064597,           0.0064597
                 141,            0.025092,           0.0041743,            0.030123,             0.68774,              0.3984,             0.38597,             0.30395,            0.021427,           0.0043321,            0.048541,           0.0064181,           0.0064181,           0.0064181
                 142,            0.028619,           0.0042104,             0.02965,             0.68674,             0.35857,             0.36391,             0.27813,             0.02614,           0.0045761,             0.04903,           0.0063764,           0.0063764,           0.0063764
                 143,            0.027947,           0.0042739,            0.029794,                0.63,             0.39342,             0.36662,             0.29334,            0.021307,           0.0045093,            0.050846,           0.0063347,           0.0063347,           0.0063347
                 144,            0.026632,           0.0046584,            0.029908,             0.65161,             0.40492,             0.37235,             0.29273,            0.022856,            0.004603,            0.050215,            0.006293,            0.006293,            0.006293
                 145,            0.026794,           0.0042915,            0.028273,             0.50395,             0.45544,             0.36441,             0.28825,            0.023798,           0.0046878,            0.049507,           0.0062512,           0.0062512,           0.0062512
                 146,            0.027708,           0.0042844,            0.029227,             0.67262,             0.36061,             0.37212,             0.28908,            0.022673,           0.0044953,            0.049915,           0.0062093,           0.0062093,           0.0062093
                 147,             0.02601,           0.0042531,             0.02902,             0.65618,             0.36297,             0.36423,             0.28895,            0.021036,           0.0045562,             0.04934,           0.0061675,           0.0061675,           0.0061675
                 148,            0.027511,           0.0043823,            0.028606,             0.48899,             0.42284,             0.35402,             0.27813,             0.02307,           0.0047112,            0.050036,           0.0061256,           0.0061256,           0.0061256
                 149,            0.028205,           0.0043009,            0.027081,             0.68787,             0.34402,             0.35724,             0.27996,            0.024583,           0.0044625,            0.049794,           0.0060838,           0.0060838,           0.0060838
                 150,            0.026318,           0.0041438,            0.028714,             0.69111,             0.35398,             0.35856,             0.28847,            0.022045,           0.0045111,            0.048912,           0.0060419,           0.0060419,           0.0060419
                 151,            0.026416,           0.0044215,            0.028829,              0.4913,             0.42993,             0.35153,             0.27068,            0.021838,           0.0047742,            0.049095,               0.006,               0.006,               0.006
                 152,            0.025286,           0.0043602,             0.02742,             0.69312,             0.35351,             0.35161,             0.27613,            0.021621,           0.0046974,            0.050217,           0.0059581,           0.0059581,           0.0059581
                 153,            0.027555,           0.0041404,            0.028946,             0.68016,             0.37077,             0.38849,              0.3033,            0.021995,           0.0045738,             0.04894,           0.0059162,           0.0059162,           0.0059162
                 154,            0.026334,           0.0044055,            0.027324,             0.61311,             0.40283,             0.37708,              0.2958,            0.021466,            0.004626,            0.050078,           0.0058744,           0.0058744,           0.0058744
                 155,            0.024602,           0.0045271,            0.025703,             0.74017,              0.3442,             0.39778,             0.31776,            0.021035,           0.0044119,            0.047345,           0.0058325,           0.0058325,           0.0058325
                 156,            0.025326,           0.0042889,            0.025739,             0.66566,             0.39805,             0.38745,              0.3098,            0.021459,           0.0043322,             0.04719,           0.0057907,           0.0057907,           0.0057907
                 157,            0.025236,           0.0043242,            0.025068,             0.50562,             0.49678,             0.39163,             0.32067,            0.021183,           0.0044029,            0.046467,           0.0057488,           0.0057488,           0.0057488
                 158,             0.02825,           0.0043042,            0.026473,             0.73121,             0.38943,             0.40376,              0.3138,            0.022578,           0.0044291,            0.046449,            0.005707,            0.005707,            0.005707
                 159,            0.024886,           0.0044818,            0.026058,             0.71504,             0.37703,             0.40062,             0.31815,             0.02218,           0.0045565,            0.046083,           0.0056653,           0.0056653,           0.0056653
                 160,            0.026453,            0.004354,            0.025704,             0.69712,             0.38483,             0.39013,             0.30369,            0.022987,           0.0044451,            0.046783,           0.0056236,           0.0056236,           0.0056236
                 161,            0.025621,           0.0043706,            0.024227,             0.67859,             0.38117,             0.39243,             0.31544,            0.021314,            0.004338,            0.047739,           0.0055819,           0.0055819,           0.0055819
                 162,            0.024956,           0.0042167,             0.02527,             0.67296,             0.38486,             0.38913,             0.31015,            0.020964,           0.0046473,            0.048566,           0.0055403,           0.0055403,           0.0055403
                 163,            0.025296,           0.0040556,            0.024221,             0.56835,             0.42293,             0.38936,             0.30154,            0.022261,           0.0045215,            0.047505,           0.0054987,           0.0054987,           0.0054987
                 164,            0.025338,           0.0042381,            0.025512,             0.70219,             0.39161,             0.42213,             0.33504,            0.022218,            0.004286,            0.046735,           0.0054571,           0.0054571,           0.0054571
                 165,            0.026791,           0.0044506,            0.024733,             0.66685,             0.39112,             0.40172,             0.31554,            0.021826,           0.0045269,            0.048751,           0.0054157,           0.0054157,           0.0054157
                 166,            0.024031,           0.0040895,            0.021725,             0.52634,             0.47673,             0.39195,             0.31662,            0.020337,           0.0042608,            0.048127,           0.0053743,           0.0053743,           0.0053743
                 167,            0.025624,            0.004135,            0.024737,             0.51804,             0.50176,             0.40297,             0.32227,            0.022671,           0.0043426,            0.045674,           0.0053329,           0.0053329,           0.0053329
                 168,            0.025789,           0.0040968,            0.024484,             0.54989,             0.43586,             0.38841,             0.30904,            0.020738,           0.0045834,            0.046988,           0.0052917,           0.0052917,           0.0052917
                 169,            0.026493,            0.004228,             0.02415,              0.5649,             0.42677,             0.40002,             0.31142,             0.02233,           0.0044531,             0.04779,           0.0052505,           0.0052505,           0.0052505
                 170,            0.024894,           0.0040372,            0.022727,             0.54819,             0.42723,             0.39926,             0.31627,            0.020127,           0.0045665,            0.046564,           0.0052094,           0.0052094,           0.0052094
                 171,            0.025564,            0.003922,            0.023458,             0.56965,             0.40785,             0.41169,             0.32917,            0.024135,           0.0043401,            0.046089,           0.0051684,           0.0051684,           0.0051684
                 172,            0.025586,           0.0041898,            0.021576,             0.53982,             0.46516,             0.39695,             0.31054,            0.021966,           0.0044073,            0.046837,           0.0051274,           0.0051274,           0.0051274
                 173,            0.024219,           0.0040331,            0.023833,             0.62693,              0.3819,             0.38342,             0.30436,            0.020963,           0.0044544,            0.047383,           0.0050866,           0.0050866,           0.0050866
                 174,            0.025406,           0.0040996,            0.023823,             0.56337,             0.39416,             0.39537,             0.31238,            0.021361,           0.0043952,            0.046235,           0.0050459,           0.0050459,           0.0050459
                 175,            0.025201,           0.0040711,            0.023903,             0.59671,             0.41591,             0.41311,             0.31988,            0.021065,           0.0043115,            0.046456,           0.0050052,           0.0050052,           0.0050052
                 176,            0.024491,           0.0041568,            0.020735,             0.59927,             0.42415,             0.41633,             0.32358,            0.020818,           0.0042986,            0.046928,           0.0049647,           0.0049647,           0.0049647
                 177,            0.025316,           0.0041046,            0.022451,             0.59982,             0.44264,             0.42109,             0.33508,            0.021224,           0.0042327,            0.046931,           0.0049243,           0.0049243,           0.0049243
                 178,            0.024019,           0.0041295,            0.020913,             0.59076,             0.43596,              0.3993,             0.32277,            0.019572,           0.0041744,            0.046231,            0.004884,            0.004884,            0.004884
                 179,            0.025372,           0.0039882,            0.022905,             0.61473,              0.4222,             0.39489,             0.31967,            0.021257,           0.0040968,            0.045705,           0.0048439,           0.0048439,           0.0048439
                 180,            0.024916,           0.0042792,            0.021636,             0.61647,             0.40454,             0.40398,             0.32891,            0.019551,           0.0039924,            0.045446,           0.0048038,           0.0048038,           0.0048038
                 181,             0.02162,           0.0039957,            0.022363,             0.56811,             0.42591,              0.4232,             0.34853,            0.019249,           0.0040079,             0.04578,           0.0047639,           0.0047639,           0.0047639
                 182,            0.024449,           0.0038204,            0.020741,             0.56846,             0.41732,             0.41273,             0.33508,            0.021187,            0.004055,            0.046148,           0.0047242,           0.0047242,           0.0047242
                 183,            0.023576,           0.0038715,            0.021145,             0.61368,             0.42146,             0.42312,             0.34994,            0.018741,           0.0039892,             0.04598,           0.0046845,           0.0046845,           0.0046845
                 184,            0.023689,            0.003916,            0.019291,             0.57135,             0.42543,             0.41121,             0.32813,            0.018619,            0.004224,            0.046961,            0.004645,            0.004645,            0.004645
                 185,            0.024613,           0.0038938,            0.020413,             0.57024,             0.43551,             0.41068,             0.33313,            0.019656,           0.0041058,            0.046252,           0.0046057,           0.0046057,           0.0046057
                 186,            0.023692,           0.0040581,             0.02161,             0.56113,             0.42587,             0.40608,              0.3292,            0.019772,           0.0040379,            0.046206,           0.0045665,           0.0045665,           0.0045665
                 187,            0.023189,           0.0039933,            0.021392,             0.61958,             0.40015,             0.42148,             0.34032,            0.019858,           0.0039222,            0.045694,           0.0045275,           0.0045275,           0.0045275
                 188,            0.024635,           0.0040885,            0.020008,             0.61152,             0.39769,              0.3994,             0.32721,            0.022874,            0.004124,            0.046352,           0.0044886,           0.0044886,           0.0044886
                 189,            0.025587,           0.0040486,            0.019411,             0.63592,              0.3943,             0.39334,             0.32478,            0.019595,           0.0042272,            0.047801,           0.0044499,           0.0044499,           0.0044499
                 190,            0.022784,           0.0039491,            0.018135,             0.54671,             0.44964,             0.40357,             0.32604,            0.019025,           0.0042123,            0.046303,           0.0044114,           0.0044114,           0.0044114
                 191,            0.023086,           0.0041127,            0.019661,             0.51149,             0.48286,             0.41556,             0.33746,            0.020202,           0.0042499,            0.046012,           0.0043731,           0.0043731,           0.0043731
                 192,            0.025496,           0.0038524,            0.019746,             0.63038,             0.39114,             0.41997,             0.34148,            0.022324,           0.0043809,            0.044466,           0.0043349,           0.0043349,           0.0043349
                 193,            0.023958,           0.0039709,            0.018695,             0.59411,             0.40806,             0.40649,             0.32749,            0.020202,            0.004082,            0.044963,           0.0042969,           0.0042969,           0.0042969
                 194,            0.023146,           0.0038742,            0.018295,             0.56785,             0.43237,             0.42222,             0.34125,             0.01831,           0.0041441,            0.045357,           0.0042591,           0.0042591,           0.0042591
                 195,            0.022732,           0.0039873,            0.017964,             0.61775,              0.4048,             0.42755,             0.34332,            0.020658,           0.0040264,            0.045856,           0.0042215,           0.0042215,           0.0042215
                 196,            0.024172,            0.003798,            0.019573,             0.59287,             0.39699,             0.39623,             0.32301,            0.019478,           0.0041461,            0.049004,            0.004184,            0.004184,            0.004184
                 197,            0.022486,           0.0038903,            0.022805,             0.51494,             0.47885,             0.39638,             0.32102,            0.020537,           0.0039045,            0.047577,           0.0041468,           0.0041468,           0.0041468
                 198,            0.023405,           0.0037906,            0.018122,             0.57783,             0.41787,             0.40318,             0.32512,            0.019679,            0.004129,            0.046951,           0.0041098,           0.0041098,           0.0041098
                 199,            0.023082,           0.0039093,            0.017083,             0.61511,             0.43465,              0.4202,             0.34259,            0.019532,           0.0040301,             0.04597,            0.004073,            0.004073,            0.004073
                 200,            0.023741,           0.0040861,            0.018352,              0.6828,             0.37974,             0.41837,             0.33857,            0.019501,            0.004052,            0.045657,           0.0040364,           0.0040364,           0.0040364
                 201,            0.022966,           0.0038942,            0.017835,             0.62408,             0.39507,              0.4097,              0.3317,            0.019276,           0.0042268,            0.047392,               0.004,               0.004,               0.004
                 202,            0.024077,            0.003779,            0.018598,             0.61303,             0.39591,             0.40429,             0.31881,            0.020336,           0.0042277,            0.047338,           0.0039638,           0.0039638,           0.0039638
                 203,            0.023411,           0.0037472,            0.019561,             0.43175,             0.54145,             0.41027,              0.3334,             0.01984,           0.0042006,            0.046275,           0.0039279,           0.0039279,           0.0039279
                 204,            0.023402,           0.0038265,            0.017763,             0.60602,             0.41056,             0.39957,             0.33079,            0.019306,           0.0041011,            0.047151,           0.0038922,           0.0038922,           0.0038922
                 205,            0.022728,           0.0038424,            0.017766,             0.62666,             0.40811,             0.39947,             0.32557,            0.019846,           0.0041735,            0.046637,           0.0038567,           0.0038567,           0.0038567
                 206,            0.022593,           0.0037579,            0.016864,             0.59453,             0.40989,             0.39407,             0.32221,            0.019944,           0.0041906,            0.048336,           0.0038214,           0.0038214,           0.0038214
                 207,            0.022414,            0.003759,            0.016955,             0.63741,             0.39664,             0.40522,             0.33393,            0.019203,           0.0042516,            0.049358,           0.0037864,           0.0037864,           0.0037864
                 208,            0.022799,           0.0037679,            0.016123,             0.59116,             0.40589,             0.40312,             0.33128,             0.02005,           0.0043208,            0.049901,           0.0037517,           0.0037517,           0.0037517
                 209,            0.022591,           0.0035668,            0.016087,             0.58926,             0.40858,             0.41713,             0.34567,            0.020037,           0.0041536,            0.047259,           0.0037171,           0.0037171,           0.0037171
                 210,            0.022189,           0.0038609,            0.017403,             0.58638,             0.39922,             0.39834,              0.3282,             0.01917,           0.0039566,            0.047058,           0.0036829,           0.0036829,           0.0036829
                 211,            0.022872,           0.0037691,            0.018213,             0.61657,             0.38986,               0.408,              0.3307,            0.019668,           0.0040037,            0.046647,           0.0036489,           0.0036489,           0.0036489
                 212,            0.021928,           0.0038308,            0.016478,             0.66229,             0.37093,             0.40927,             0.34046,            0.017868,           0.0040367,            0.046808,           0.0036151,           0.0036151,           0.0036151
                 213,            0.022667,           0.0037252,            0.017709,             0.57414,             0.43312,              0.3834,             0.31845,            0.018421,           0.0044439,            0.047893,           0.0035816,           0.0035816,           0.0035816
                 214,            0.021835,           0.0037594,            0.016341,             0.59178,             0.39579,             0.38578,              0.3199,            0.019305,           0.0045219,            0.047988,           0.0035484,           0.0035484,           0.0035484
                 215,             0.02095,            0.003804,            0.016828,             0.65209,             0.38622,             0.39555,              0.3241,             0.01909,           0.0043221,            0.048638,           0.0035154,           0.0035154,           0.0035154
                 216,            0.023263,           0.0036284,            0.016564,              0.6802,             0.38925,             0.42544,             0.34489,            0.019576,           0.0041005,            0.047222,           0.0034827,           0.0034827,           0.0034827
                 217,            0.022234,            0.003535,            0.018662,             0.67216,             0.39117,             0.43145,             0.35751,            0.018866,           0.0039324,            0.047233,           0.0034503,           0.0034503,           0.0034503
                 218,            0.022058,           0.0037958,            0.016446,             0.69841,             0.38891,             0.42035,             0.34482,            0.018453,           0.0039859,            0.046584,           0.0034182,           0.0034182,           0.0034182
                 219,            0.021127,           0.0035487,            0.015737,              0.4275,             0.57904,              0.4397,             0.35728,            0.018734,           0.0040489,            0.047247,           0.0033863,           0.0033863,           0.0033863
                 220,            0.022134,           0.0038662,            0.016956,             0.43334,             0.53705,             0.41767,             0.34257,            0.018358,           0.0042347,            0.048468,           0.0033548,           0.0033548,           0.0033548
                 221,             0.02168,           0.0038323,            0.015726,             0.44505,             0.52166,             0.44432,             0.37069,            0.018593,            0.004093,            0.048511,           0.0033235,           0.0033235,           0.0033235
                 222,            0.021338,           0.0037107,            0.015586,              0.4684,             0.51243,              0.4271,             0.35388,            0.019033,            0.004273,            0.047875,           0.0032925,           0.0032925,           0.0032925
                 223,            0.022279,           0.0035967,            0.013641,             0.58378,             0.42005,             0.42086,             0.34665,            0.018626,           0.0043148,            0.047134,           0.0032618,           0.0032618,           0.0032618
                 224,            0.021806,           0.0036756,            0.013954,             0.63165,             0.40322,              0.4142,             0.34137,            0.018828,           0.0041077,            0.047817,           0.0032314,           0.0032314,           0.0032314
                 225,            0.022409,           0.0034255,            0.015279,             0.53142,             0.45888,             0.42063,             0.34839,            0.018946,           0.0041757,            0.048672,           0.0032013,           0.0032013,           0.0032013
                 226,             0.02244,           0.0036501,            0.014596,             0.62651,             0.40178,             0.41172,             0.33693,            0.018517,           0.0040833,            0.047848,           0.0031716,           0.0031716,           0.0031716
                 227,            0.020513,           0.0035958,            0.013916,             0.43829,             0.53634,             0.41543,              0.3408,            0.017718,            0.003998,            0.049503,           0.0031421,           0.0031421,           0.0031421
                 228,            0.022196,           0.0035418,            0.014453,             0.43603,             0.54189,             0.43084,             0.35774,            0.017314,            0.004197,            0.048933,            0.003113,            0.003113,            0.003113
                 229,            0.021865,           0.0038321,            0.016317,             0.42347,             0.50062,             0.41408,             0.33809,             0.01958,           0.0046654,            0.049148,           0.0030841,           0.0030841,           0.0030841
                 230,            0.022215,           0.0038686,            0.014543,             0.44727,              0.5023,             0.41293,             0.33701,            0.018905,           0.0044406,            0.047046,           0.0030556,           0.0030556,           0.0030556
                 231,            0.021838,           0.0038478,            0.015039,             0.60148,             0.39595,             0.39668,             0.32176,            0.018946,           0.0045145,            0.048583,           0.0030274,           0.0030274,           0.0030274
                 232,            0.021617,           0.0035557,            0.014398,             0.62364,             0.39107,             0.38387,             0.31174,            0.019593,           0.0044309,            0.049026,           0.0029996,           0.0029996,           0.0029996
                 233,            0.021276,           0.0036591,            0.014506,             0.59735,             0.41568,             0.39473,               0.327,            0.018237,           0.0042316,             0.04867,            0.002972,            0.002972,            0.002972
                 234,            0.022713,           0.0039499,            0.014232,             0.67536,             0.40095,             0.40423,             0.33152,            0.018739,            0.004228,             0.04787,           0.0029448,           0.0029448,           0.0029448
                 235,             0.02122,           0.0037753,            0.014172,             0.59644,             0.41733,             0.40536,             0.33595,            0.018071,            0.004083,            0.047122,           0.0029179,           0.0029179,           0.0029179
                 236,            0.021066,           0.0036572,            0.014776,             0.65567,             0.38928,             0.41108,             0.33711,            0.017786,           0.0041437,            0.047826,           0.0028914,           0.0028914,           0.0028914
                 237,             0.02135,           0.0036214,            0.014883,             0.43505,             0.53933,             0.40795,             0.33922,            0.018654,           0.0041494,            0.046924,           0.0028652,           0.0028652,           0.0028652
                 238,            0.020662,           0.0036631,             0.01358,             0.44513,             0.52145,             0.41347,              0.3443,            0.018182,           0.0041605,            0.046308,           0.0028394,           0.0028394,           0.0028394
                 239,             0.02201,           0.0036839,            0.012509,             0.65588,             0.39502,             0.41013,             0.33552,            0.018631,            0.004076,            0.047584,           0.0028139,           0.0028139,           0.0028139
                 240,            0.021822,           0.0036119,            0.013633,              0.6284,             0.41426,              0.4223,             0.35079,             0.01778,           0.0040631,            0.047448,           0.0027887,           0.0027887,           0.0027887
                 241,            0.020053,           0.0035714,            0.014035,             0.62448,              0.4066,             0.42687,              0.3546,            0.018755,           0.0040955,             0.04668,           0.0027639,           0.0027639,           0.0027639
                 242,            0.019601,           0.0033849,            0.012556,             0.67007,             0.40917,             0.43951,             0.36469,            0.017986,           0.0042042,            0.045365,           0.0027395,           0.0027395,           0.0027395
                 243,             0.02132,           0.0035384,            0.013694,             0.49394,              0.4885,             0.43019,             0.36199,            0.020583,           0.0042406,            0.047721,           0.0027154,           0.0027154,           0.0027154
                 244,             0.02064,           0.0034171,             0.01308,             0.46151,             0.51666,             0.43397,             0.35931,              0.0192,           0.0040794,            0.046523,           0.0026917,           0.0026917,           0.0026917
                 245,             0.02066,           0.0034561,             0.01219,             0.68537,              0.3823,             0.42391,             0.34358,            0.020176,           0.0040976,             0.04745,           0.0026683,           0.0026683,           0.0026683
                 246,            0.020277,           0.0035686,            0.013922,             0.54318,             0.46545,             0.42774,             0.35052,            0.018809,           0.0039749,            0.048303,           0.0026453,           0.0026453,           0.0026453
                 247,            0.021496,           0.0033915,            0.014886,             0.55061,             0.46043,             0.43176,             0.35805,              0.0184,           0.0038804,            0.048407,           0.0026227,           0.0026227,           0.0026227
                 248,            0.019347,           0.0033881,            0.013258,             0.48031,             0.45524,             0.42511,             0.35399,             0.01864,           0.0039685,            0.050749,           0.0026004,           0.0026004,           0.0026004
                 249,            0.022093,           0.0037983,            0.012521,             0.48155,             0.46839,             0.42602,             0.36343,            0.018486,           0.0040197,            0.048971,           0.0025785,           0.0025785,           0.0025785
                 250,            0.019925,           0.0034491,             0.01291,             0.44665,             0.47805,             0.41305,             0.34931,            0.017508,           0.0041332,            0.048734,            0.002557,            0.002557,            0.002557
                 251,            0.021104,           0.0035503,             0.01132,             0.42322,             0.51474,             0.41391,             0.34289,            0.019496,           0.0040543,            0.048623,           0.0025359,           0.0025359,           0.0025359
                 252,             0.02042,           0.0036592,            0.012533,             0.46472,              0.4828,             0.41249,             0.34556,            0.017551,           0.0039109,            0.049961,           0.0025151,           0.0025151,           0.0025151
                 253,            0.020494,           0.0034791,            0.011331,             0.47318,             0.46514,              0.4127,             0.34026,            0.018632,           0.0037979,            0.050406,           0.0024948,           0.0024948,           0.0024948
                 254,            0.019976,           0.0034242,            0.011773,             0.48217,             0.49584,             0.41953,             0.34937,            0.017325,           0.0037691,            0.050585,           0.0024748,           0.0024748,           0.0024748
                 255,             0.02011,           0.0036397,            0.011564,             0.49445,              0.4904,             0.43496,             0.36151,            0.017109,           0.0038106,            0.050041,           0.0024552,           0.0024552,           0.0024552
                 256,            0.019796,           0.0035307,              0.0115,             0.46337,             0.51258,             0.43023,             0.36058,            0.017234,           0.0039582,            0.049653,            0.002436,            0.002436,            0.002436
                 257,            0.020046,           0.0034614,            0.011793,             0.56406,             0.44841,             0.42455,             0.35354,            0.017465,           0.0040537,            0.048686,           0.0024172,           0.0024172,           0.0024172
                 258,            0.020593,           0.0034406,            0.012573,              0.6421,             0.40553,             0.42304,             0.35106,            0.017909,           0.0040548,            0.048655,           0.0023987,           0.0023987,           0.0023987
                 259,            0.020473,           0.0034811,            0.011704,             0.52791,             0.45689,             0.42113,             0.35372,            0.017408,           0.0039377,            0.046825,           0.0023807,           0.0023807,           0.0023807
                 260,            0.020134,           0.0033482,            0.012332,             0.53371,             0.47029,             0.43659,             0.36199,            0.017326,           0.0039971,            0.046882,           0.0023631,           0.0023631,           0.0023631
                 261,            0.019263,           0.0035504,            0.010953,             0.54628,              0.4556,             0.43244,             0.35784,            0.017184,           0.0039349,             0.04747,           0.0023458,           0.0023458,           0.0023458
                 262,            0.020219,           0.0032692,            0.011561,             0.55268,              0.4597,             0.44223,             0.36869,            0.018006,            0.003826,            0.048034,            0.002329,            0.002329,            0.002329
                 263,            0.021415,           0.0034798,            0.012893,             0.57125,             0.44272,             0.44483,             0.37106,            0.017572,           0.0037099,            0.047888,           0.0023125,           0.0023125,           0.0023125
                 264,            0.022009,           0.0034935,            0.011305,              0.5492,             0.45307,             0.44228,             0.36946,            0.018967,            0.003787,            0.047648,           0.0022965,           0.0022965,           0.0022965
                 265,            0.020839,           0.0035408,            0.012584,             0.55717,             0.44818,             0.44001,             0.36217,            0.017668,           0.0039068,            0.048095,           0.0022809,           0.0022809,           0.0022809
                 266,            0.020209,           0.0034595,            0.011157,             0.57795,             0.42877,             0.42828,             0.35529,             0.01712,           0.0039359,            0.048195,           0.0022657,           0.0022657,           0.0022657
                 267,            0.021323,           0.0035267,            0.012185,             0.57668,             0.43674,             0.42115,             0.35685,            0.018014,           0.0039306,            0.048865,           0.0022509,           0.0022509,           0.0022509
                 268,            0.019301,           0.0032803,            0.010589,             0.58372,             0.42198,             0.41677,              0.3484,             0.01825,           0.0039371,            0.050771,           0.0022365,           0.0022365,           0.0022365
                 269,            0.019035,           0.0034015,            0.011993,             0.59292,             0.41204,             0.40276,             0.33559,            0.018759,           0.0039279,            0.052568,           0.0022225,           0.0022225,           0.0022225
                 270,            0.019245,           0.0033805,            0.012117,             0.59337,             0.43041,             0.42078,             0.35623,            0.016537,           0.0038836,            0.049716,           0.0022089,           0.0022089,           0.0022089
                 271,             0.01873,           0.0033273,            0.011434,             0.58664,             0.44003,              0.4384,             0.36868,            0.017113,           0.0038797,            0.049108,           0.0021958,           0.0021958,           0.0021958
                 272,            0.020202,            0.003291,            0.010576,               0.596,             0.44436,              0.4371,             0.36432,            0.017318,           0.0039055,            0.049819,            0.002183,            0.002183,            0.002183
                 273,            0.020202,           0.0033893,            0.010592,             0.53013,             0.47287,             0.42443,             0.35514,            0.017364,           0.0038461,            0.049635,           0.0021707,           0.0021707,           0.0021707
                 274,            0.018925,           0.0032664,            0.010503,             0.47255,             0.51679,             0.42245,             0.35644,            0.017024,           0.0038267,            0.049038,           0.0021588,           0.0021588,           0.0021588
                 275,             0.01984,           0.0034328,            0.010095,             0.47924,             0.50823,             0.42931,             0.36195,            0.017274,           0.0038496,            0.048415,           0.0021473,           0.0021473,           0.0021473
                 276,            0.019358,           0.0034223,            0.011586,             0.54157,             0.46609,             0.43185,             0.36567,            0.016315,           0.0039137,             0.04791,           0.0021363,           0.0021363,           0.0021363
                 277,            0.018216,           0.0034594,           0.0098705,             0.54536,             0.46431,             0.44114,             0.37266,            0.016354,           0.0038731,            0.046841,           0.0021257,           0.0021257,           0.0021257
                 278,            0.018443,           0.0033909,           0.0094262,             0.53823,             0.45935,             0.44225,             0.37062,            0.016358,           0.0039255,            0.047179,           0.0021155,           0.0021155,           0.0021155
                 279,            0.017999,           0.0031651,            0.010447,             0.49659,             0.49674,             0.44693,             0.37884,            0.016535,           0.0038972,            0.048159,           0.0021057,           0.0021057,           0.0021057
                 280,            0.018028,           0.0032482,            0.011118,             0.49139,             0.48218,             0.43808,             0.37419,            0.016741,           0.0038743,            0.048291,           0.0020963,           0.0020963,           0.0020963
                 281,            0.018558,           0.0032436,            0.011059,             0.47313,             0.50526,             0.43732,             0.37078,            0.016534,           0.0038322,            0.047758,           0.0020874,           0.0020874,           0.0020874
                 282,            0.018608,           0.0033692,           0.0099855,             0.57075,             0.44376,             0.43126,             0.36109,            0.017141,           0.0037949,            0.047566,           0.0020789,           0.0020789,           0.0020789
                 283,            0.020065,            0.003708,            0.011197,              0.5601,             0.44186,             0.44343,             0.36703,            0.017984,            0.003797,            0.048187,           0.0020709,           0.0020709,           0.0020709
                 284,            0.019777,            0.003182,           0.0094691,             0.54326,             0.45697,             0.43585,             0.36795,            0.017162,           0.0038566,            0.049375,           0.0020632,           0.0020632,           0.0020632
                 285,            0.019186,           0.0033687,           0.0099589,             0.48218,             0.49036,             0.42715,             0.35906,            0.017422,           0.0039119,            0.047992,            0.002056,            0.002056,            0.002056
                 286,            0.019614,            0.003284,            0.010018,             0.48562,             0.49068,             0.43446,              0.3675,             0.01837,           0.0038982,            0.047378,           0.0020492,           0.0020492,           0.0020492
                 287,            0.019101,            0.003315,           0.0093931,             0.49162,             0.51982,             0.43343,             0.36674,            0.017115,           0.0039003,            0.048137,           0.0020429,           0.0020429,           0.0020429
                 288,            0.021131,            0.003346,            0.011389,             0.52215,             0.48094,              0.4402,             0.36581,            0.018005,           0.0038883,            0.047875,            0.002037,            0.002037,            0.002037
                 289,            0.020975,           0.0031463,            0.010704,             0.56983,              0.4576,             0.43423,             0.36428,            0.017435,           0.0038065,            0.048056,           0.0020315,           0.0020315,           0.0020315
                 290,            0.018476,           0.0032544,           0.0098747,             0.58018,             0.45001,             0.44015,             0.37092,            0.018733,           0.0039099,            0.048309,           0.0020265,           0.0020265,           0.0020265
                 291,            0.020535,           0.0032725,            0.011001,             0.58604,             0.44922,             0.44259,             0.37556,            0.017462,           0.0038939,            0.048072,           0.0020219,           0.0020219,           0.0020219
                 292,            0.019201,           0.0033981,           0.0096691,             0.54827,             0.45142,              0.4362,             0.36813,            0.016919,           0.0038978,            0.047952,           0.0020178,           0.0020178,           0.0020178
                 293,            0.020087,           0.0030464,            0.010585,              0.5353,               0.474,             0.43745,              0.3669,            0.016753,           0.0039928,            0.047382,            0.002014,            0.002014,            0.002014
                 294,            0.018524,            0.003301,            0.010368,             0.52431,             0.44912,             0.43099,             0.35985,            0.016583,           0.0040237,            0.049212,           0.0020107,           0.0020107,           0.0020107
                 295,            0.018434,           0.0033811,            0.009835,             0.48753,             0.45362,             0.42976,             0.36026,            0.016456,           0.0039451,            0.049833,           0.0020079,           0.0020079,           0.0020079
                 296,            0.018037,           0.0032635,            0.010478,             0.57944,              0.4287,             0.43449,             0.37059,            0.015909,           0.0037797,            0.050255,           0.0020055,           0.0020055,           0.0020055
                 297,             0.01962,           0.0033197,             0.01018,             0.59278,             0.40894,             0.44029,             0.37362,             0.01696,           0.0037215,            0.051482,           0.0020035,           0.0020035,           0.0020035
                 298,            0.019685,           0.0031461,           0.0096209,             0.45129,             0.54059,             0.44369,             0.37028,            0.017714,           0.0036983,            0.051748,            0.002002,            0.002002,            0.002002
                 299,            0.019265,           0.0032597,            0.010617,             0.55131,             0.45445,             0.44359,             0.37207,             0.01778,           0.0037575,             0.05031,           0.0020009,           0.0020009,           0.0020009
